contact_id,email,first_name,last_name
4661,cecilia.velasco@rodrigues.fr,Cecilia,Velasco
3765,mariana.ellis@rossi.org,Mariana,Ellis
4187,sofie.woods@riviere.com,Sofie,Woods
4941,jeanette.iannotti@yahoo.com,Jeanette,Iannotti
2199,samuel.sorgatz@gmail.com,Samuel,Sorgatz
5650,socorro.luna@hotmail.com,Socorro,Luna
5889,carolina.murray@knight.com,Carolina,Murray
4842,kayla.moon@yahoo.de,Kayla,Moon
3280,ariadna.geisel@rangel.com,Ariadna,Geisel
5468,danielle.ladeck@scalfaro.net,Danielle,Ladeck
3064,tatiana.thompson@hunt.net,Tatiana,Thompson
4904,caleb.benavides@rubio.com,Caleb,Benavides
1299,sandra.hardy@web.de,Sandra,Hardy
5602,lotti.morris@yahoo.co.uk,Lotti,Morris
5753,reinhilde.white@voila.fr,Reinhilde,White
4495,kerry.patel@hutchinson.com,Kerry,Patel
4269,sophie.antoine@andersen.com,Sophie,Antoine
2226,martha.girard@web.de,Martha,Girard
1558,stephanie.king@cervantes.com,Stephanie,King
2307,amanda.palmer@didier.fr,Amanda,Palmer
2900,lina.alcala@vespa.net,Lina,Alcala
5695,itzel.murphy@muelichen.de,Itzel,Murphy
5708,filippo.parry@live.com,Filippo,Parry
1663,katelyn.cole@fiebig.com,Katelyn,Cole
3605,brian.novak@ford.net,Brian,Novak
4678,cilly.gay@callegaro.it,Cilly,Gay
2251,yolanda.snyder@gmx.de,Yolanda,Snyder
6202,evelin.odonnell@ibarra.net,Evelin,Odonnell
3715,ingeborg.alba@hotmail.com,Ingeborg,Alba
4242,marina.madrid@galarza-alba.com,Marina,Madrid
4326,sheila.goodwin@yahoo.com,Sheila,Goodwin
5560,valeria.rich@turchetta-mondadori.it,Valeria,Rich
4002,dustin.camacho@rhodes.org.au,Dustin,Camacho
3813,amalia.marenzio@grupo.com,Amalia,Marenzio
5336,gian.long@hotmail.com,Gian,Long
4994,stewart.hunt@anderson-vargas.biz,Stewart,Hunt
1471,greca.ruiz@carr.co.uk,Greca,Ruiz
4482,gerald.olivera@outlook.com,Gerald,Olivera
3241,jaqueline.wallace@gmail.com,Jaqueline,Wallace
3477,john.lane@gregoire.fr,John,Lane
2265,pero.joly@bernard.net,Pero,Joly
5911,chad.turner@gmail.com,Chad,Turner
2288,adam.zavala@guichard.fr,Adam,Zavala
4064,tyler.rivera@guajardo-ozuna.com,Tyler,Rivera
1294,jens.graham@jones-buckley.com,Jens,Graham
5008,virginia.caetani@sosa.biz,Virginia,Caetani
3604,martino.wagner@laposte.net,Martino,Wagner
3263,martin.meyer@davis.co.uk,Martin,Meyer
5631,marguerite.walls@martinez.fr,Marguerite,Walls
2851,peter.vogt@yahoo.com,Peter,Vogt
3714,nicholas.christian@hotmail.de,Nicholas,Christian
1664,susi.steinberg@preiss.com,Susi,Steinberg
5027,tammy.ramazzotti@gmail.com,Tammy,Ramazzotti
3070,abdul.thomas@vasari.com,Abdul,Thomas
4248,justin.luxardo@googlemail.com,Justin,Luxardo
2034,antonio.gibson@faust.net,Antonio,Gibson
4085,jeremy.gomez@oconnor.org,Jeremy,Gomez
3569,raymond.solorzano@gmail.com,Raymond,Solorzano
3889,flora.harris@hotmail.com.au,Flora,Harris
3136,cheryl.boyd@segni.it,Cheryl,Boyd
2103,rhys.leiva@gmx.de,Rhys,Leiva
2329,mariano.prieto@vodafone.it,Mariano,Prieto
3325,laurie.fibonacci@gmail.com,Laurie,Fibonacci
3131,david.rudolph@nelson.com,David,Rudolph
4995,bryan.ross@yahoo.com,Bryan,Ross
3631,ubaldo.brown@philippe.com,Ubaldo,Brown
5373,clelia.faulkner@hotmail.com,Clelia,Faulkner
3126,sara.erickson@yahoo.de,Sara,Erickson
2194,rupert.valle@filogamo.it,Rupert,Valle
2906,puccio.kitzmann@yahoo.com,Puccio,Kitzmann
2611,thomas.hutchinson@gmx.de,Thomas,Hutchinson
2374,abelardo.castro@gmail.com,Abelardo,Castro
3254,greco.walker@yahoo.com,Greco,Walker
3571,miranda.lacombe@longoria-vanegas.net,Miranda,Lacombe
2812,diana.schuchhardt@libero.it,Diana,Schuchhardt
3961,stacey.knox@corporacin.com,Stacey,Knox
3872,glen.faivre@yahoo.com,Glen,Faivre
4736,andrew.torres@ruiz-torres.org,Andrew,Torres
5119,denny.fritz@despacho.biz,Denny,Fritz
5725,martyn.caldera@hotmail.co.uk,Martyn,Caldera
4037,abigail.foster@taylor.net,Abigail,Foster
2109,anthony.hauffer@tlustek.org,Anthony,Hauffer
3283,roger.gerlach@may-mitchell.co.uk,Roger,Gerlach
6181,christopher.poirier@hotmail.com,Christopher,Poirier
3251,branka.traore@jacobi.com,Branka,Traore
3443,briana.etienne@bishop-coates.com,Briana,Etienne
2988,brandon.olson@prince-moreno.net,Brandon,Olson
1673,celia.ungaretti@fox.com,Celia,Ungaretti
2085,barbara.guibert@casares-sanches.com,Barbara,Guibert
1672,daniela.bell@vollbrecht.org,Daniela,Bell
4426,phyllis.gurule@rodriguez-pham.com,Phyllis,Gurule
3211,alejandra.joseph@escalante-abrego.biz,Alejandra,Joseph
3190,giulio.bohlander@dbmail.com,Giulio,Bohlander
2081,amber.weller@toso.eu,Amber,Weller
3185,mary.etzold@conrad-harrison.com,Mary,Etzold
5044,amy.georges@raedel.de,Amy,Georges
1883,jennifer.giraud@yahoo.com,Jennifer,Giraud
2067,rosie.peltier@voila.fr,Rosie,Peltier
4604,oreste.ward@proyectos.com,Oreste,Ward
3203,luis.edwards@live.com,Luis,Edwards
5758,fiona.griffiths@curatoli-verdone.it,Fiona,Griffiths
5755,sally.raya@tarchetti.it,Sally,Raya
5150,carolyn.charpentier@hotmail.de,Carolyn,Charpentier
4181,nathalie.alvarez@live.com,Nathalie,Alvarez
3006,abril.lowery@novak.net,Abril,Lowery
4865,ottone.sullivan@hussain-kaur.com,Ottone,Sullivan
2862,esmeralda.sollima@visintini.it,Esmeralda,Sollima
6070,silvia.gierschner@tele2.it,Silvia,Gierschner
5300,kyle.cunningham@voila.fr,Kyle,Cunningham
3486,anel.carpentier@klein-joseph.org,Anel,Carpentier
5989,sarah.davis@david.com,Sarah,Davis
2849,luke.klein@hotmail.com,Luke,Klein
1612,gudrun.mueller@dillon-fuller.info,Gudrun,Mueller
3307,melissa.canali@libero.it,Melissa,Canali
5288,gabrielle.ayala@hotmail.com,Gabrielle,Ayala
6026,laura.buckley@ryan.org,Laura,Buckley
2212,wilfrido.lorch@leclerc.fr,Wilfrido,Lorch
4591,robert.bruder@manzoni.com,Robert,Bruder
2771,phillip.soliz@outlook.com,Phillip,Soliz
5682,alex.smith@fournier.fr,Alex,Smith
5368,jessica.martinez@salieri.com,Jessica,Martinez
3706,kelly.carter@hotmail.com.au,Kelly,Carter
4034,ahmad.sosa@gmail.com,Ahmad,Sosa
3209,toralf.iglesias@borrego.com,Toralf,Iglesias
2384,irene.anichini@yahoo.com,Irene,Anichini
3074,alicia.cainero@yahoo.com,Alicia,Cainero
2031,tracey.laboy@bell.biz,Tracey,Laboy
5873,donald.reynaud@green.edu.au,Donald,Reynaud
5501,venancio.stadelmann@gmx.de,Venancio,Stadelmann
3489,seth.olivier@yahoo.com,Seth,Olivier
4210,dennis.boaga@gmx.de,Dennis,Boaga
6151,pedro.wilson@outlook.com,Pedro,Wilson
6047,roland.weihmann@gmail.com,Roland,Weihmann
5445,hector.morrison@web.de,Hector,Morrison
5493,evangelos.peters@sanchez.net,Evangelos,Peters
6036,gerardo.hamilton@libero.it,Gerardo,Hamilton
2368,meta.cuzzocrea@howard-jensen.org,Meta,Cuzzocrea
1501,alma.raymond@tin.it,Alma,Raymond
4351,kathleen.solimena@wallace.biz,Kathleen,Solimena
3096,zacharie.cordier@gmail.com,Zacharie,Cordier
6162,riza.techer@yahoo.com,Riza,Techer
1433,enrique.guillen@hotmail.co.uk,Enrique,Guillen
2720,tristan.weeks@pena.com,Tristan,Weeks
5251,natalie.lerma@boucher.com,Natalie,Lerma
1797,rodney.hamon@hotmail.com,Rodney,Hamon
1656,adalberto.lombardo@sfr.fr,Adalberto,Lombardo
1346,florencia.querini@gmail.com,Florencia,Querini
2989,liam.rolland@yahoo.fr,Liam,Rolland
5629,ian.kelly@reeves.com.au,Ian,Kelly
3456,mehdi.todd@web.de,Mehdi,Todd
3229,rembrandt.liguori@davis.org,Rembrandt,Liguori
2277,irmi.schweitzer@ozuna.com,Irmi,Schweitzer
1276,gioffre.stein@hotmail.com.au,Gioffre,Stein
3694,frida.villarreal@hotmail.de,Frida,Villarreal
2260,steffen.mangold@paul.net,Steffen,Mangold
5374,elias.marin@herve.net,Elias,Marin
4420,roman.gonzalez@anderson.net,Roman,Gonzalez
3849,reina.middleton@hotmail.com,Reina,Middleton
1638,sandro.moran@hotmail.de,Sandro,Moran
5230,gebhard.thanel@gmail.com,Gebhard,Thanel
1763,antonino.bolander@gmail.com,Antonino,Bolander
4323,karl.trevisani@anguissola.it,Karl,Trevisani
5256,silvester.brookes@franco.org,Silvester,Brookes
4836,octavio.pratt@web.de,Octavio,Pratt
5981,rebecca.greer@hotmail.com,Rebecca,Greer
1463,pierina.gaggini@free.fr,Pierina,Gaggini
4577,robin.schleich@rogers-barrera.biz,Robin,Schleich
4951,sergio.abbott@moore.net.au,Sergio,Abbott
3567,gilberto.evans@salcedo-archuleta.net,Gilberto,Evans
5475,james.elliott@gmail.com,James,Elliott
2114,timoteo.bolnbach@laboratorios.com,Timoteo,Bolnbach
5216,tonino.stanley@hotmail.com,Tonino,Stanley
1665,margaretha.murialdo@meunier.com,Margaretha,Murialdo
6051,bianca.drubin@libero.it,Bianca,Drubin
3983,kaylee.hoffmann@poulain.com,Kaylee,Hoffmann
2966,teresa.vecellio@yahoo.com,Teresa,Vecellio
4478,emine.tacchini@dbmail.com,Emine,Tacchini
4238,dawn.cortez@gmail.com,Dawn,Cortez
4404,emily.cundari@clark.com.au,Emily,Cundari
5666,eleanor.hall@hotmail.com,Eleanor,Hall
3691,monique.delgadillo@hotmail.co.uk,Monique,Delgadillo
2703,arnaude.warner@gmail.com,Arnaude,Warner
4253,jason.howell@gmx.de,Jason,Howell
5652,nicole.mccullough@hall.com,Nicole,Mccullough
3279,rosmarie.esquibel@bouygtel.fr,Rosmarie,Esquibel
3233,leonor.ferreira@gmail.com,Leonor,Ferreira
3017,brett.jones@alice.it,Brett,Jones
3482,nino.bien@gmail.com,Nino,Bien
2166,jemma.tate@hotmail.de,Jemma,Tate
4146,denis.rogers@poste.it,Denis,Rogers
2651,vanesa.khan@voila.fr,Vanesa,Khan
1409,victoria.ojeda@doehn.com,Victoria,Ojeda
3717,eugenio.martin@yahoo.de,Eugenio,Martin
3963,nancy.hayes@hotmail.com,Nancy,Hayes
2152,lara.jacob@buckley.org,Lara,Jacob
2974,gino.hernandez@covarrubias.com,Gino,Hernandez
1268,vicente.tijerina@montanariello.com,Vicente,Tijerina
1822,michele.brambilla@yahoo.com,Michele,Brambilla
5066,dana.ritacca@gmail.com,Dana,Ritacca
5075,mitchell.bachmann@suarez-cruz.com,Mitchell,Bachmann
3855,vincenza.key@adams.com,Vincenza,Key
5923,salvador.gaillard@yahoo.de,Salvador,Gaillard
1867,diane.rogner@kelly.co.uk,Diane,Rogner
4376,josette.laine@saracino-parisi.net,Josette,Laine
2785,courtney.fiebig@doerschner.com,Courtney,Fiebig
5884,hugues.oliver@stiffel.com,Hugues,Oliver
2441,espartaco.willis@hotmail.com,Espartaco,Willis
1243,flavia.yoder@hotmail.de,Flavia,Yoder
3411,casey.flores@baggio.org,Casey,Flores
2467,calogero.cross@mercantini.it,Calogero,Cross
1850,charles.begum@laboratorios.info,Charles,Begum
2604,adina.pollard@outlook.com,Adina,Pollard
1693,natasha.lara@outlook.com,Natasha,Lara
2969,benita.pottier@sfr.fr,Benita,Pottier
1544,elizabeth.valdivia@gmail.com,Elizabeth,Valdivia
4149,mattia.huet@aol.de,Mattia,Huet
3463,geza.howard@voila.fr,Geza,Howard
2939,lauren.guillaume@sorgatz.org,Lauren,Guillaume
2202,joanna.baxter@bruce-wright.com,Joanna,Baxter
1728,tracy.metz@bryant.info,Tracy,Metz
5362,birgit.pena@armellini.it,Birgit,Pena
4840,elvira.papafava@ifrance.com,Elvira,Papafava
2955,ernest.delorme@dowerg.de,Ernest,Delorme
5354,christy.grossi@alarcon-tafoya.com,Christy,Grossi
3847,hermelinda.olmos@portillo.com,Hermelinda,Olmos
3025,herbert.fraser@holloway.org.au,Herbert,Fraser
1615,giancarlo.heydrich@hotmail.com,Giancarlo,Heydrich
5154,constance.maldonado@spiess.net,Constance,Maldonado
5005,giampiero.carlier@hotmail.com,Giampiero,Carlier
1349,carlo.jacquot@hotmail.com,Carlo,Jacquot
3670,gabriel.robles@yahoo.com,Gabriel,Robles
2912,gerd.gunpf@gmail.com,Gerd,Gunpf
4336,ashley.hellwig@libero.it,Ashley,Hellwig
5576,patrick.rosas@yahoo.com,Patrick,Rosas
2736,lilla.leonard@jungfer.com,Lilla,Leonard
3321,tony.nicolas@morrocco-seddio.net,Tony,Nicolas
3353,allegra.benedetti@miller.com,Allegra,Benedetti
2336,camille.tafuri@aol.de,Camille,Tafuri
4369,juan.wheeler@gilmore.net,Juan,Wheeler
4464,leopoldo.johnson@hotmail.com.au,Leopoldo,Johnson
5626,dietmar.grenier@tele2.it,Dietmar,Grenier
1669,leonid.scholl@collin.com,Leonid,Scholl
5544,olivie.contarini@marshall-wright.biz,Olivie,Contarini
6078,jeffery.lacroix@medina.org,Jeffery,Lacroix
2580,edeltraud.chavez@hotmail.com.au,Edeltraud,Chavez
3592,mesut.morvan@gmail.com,Mesut,Morvan
4914,gregory.jackson@ortiz.com,Gregory,Jackson
3848,nicola.rossi@berry.org,Nicola,Rossi
2619,eddie.collazo@gmail.com,Eddie,Collazo
4605,philippe.gardner@howells-jones.net,Philippe,Gardner
6147,roy.fox@tejeda.com,Roy,Fox
1383,heiderose.garcia@noos.fr,Heiderose,Garcia
1757,claudine.rowley@industrias.com,Claudine,Rowley
4390,astrid.roht@fastwebnet.it,Astrid,Roht
4165,auguste.burnett@yahoo.fr,Auguste,Burnett
4529,pellegrino.allen@gmail.com,Pellegrino,Allen
6084,angela.bowers@laboratorios.com,Angela,Bowers
2916,michael.descamps@gmail.com,Michael,Descamps
2005,heidelore.kennedy@guinizzelli.org,Heidelore,Kennedy
2261,lucrezia.koch@petit.com,Lucrezia,Koch
5342,ivan.accardo@web.de,Ivan,Accardo
4087,karen.avogadro@yahoo.com,Karen,Avogadro
2761,laetitia.gallet@aubry.org,Laetitia,Gallet
2908,amico.gosselin@shaw.info,Amico,Gosselin
2155,ilaria.bowen@hotmail.it,Ilaria,Bowen
5642,marlen.coardi@colletti.eu,Marlen,Coardi
6217,rafael.alexander@jenkins.com,Rafael,Alexander
4222,herma.gabbana@hotmail.com,Herma,Gabbana
4798,zachary.vespucci@industrias.com,Zachary,Vespucci
5660,marisol.richard@gmail.com,Marisol,Richard
5000,joseph.glover@laposte.net,Joseph,Glover
2809,lauretta.neal@hotmail.de,Lauretta,Neal
3349,simone.sauvage@yahoo.com,Simone,Sauvage
3647,ramona.brooks@kensy.de,Ramona,Brooks
5745,gioele.schwital@moody.com,Gioele,Schwital
2583,elena.jimenez@yahoo.com.au,Elena,Jimenez
5441,pam.vargas@guillot.net,Pam,Vargas
2090,alison.morales@lewis.com,Alison,Morales
3386,marc.aumann@holland.com,Marc,Aumann
1816,carla.butler@yahoo.com,Carla,Butler
4718,dionigi.bruce@industrias.com,Dionigi,Bruce
1677,frank.henry@yahoo.com,Frank,Henry
4218,brent.pons@proyectos.net,Brent,Pons
4548,patricia.liebelt@baca.org,Patricia,Liebelt
1431,micheletto.sykes@thompson-thompson.com,Micheletto,Sykes
2830,rose.blanc@grupo.com,Rose,Blanc
4400,vincent.singh@gmail.com,Vincent,Singh
5773,jamie.peacock@interiano-nordio.com,Jamie,Peacock
4161,giorgia.dijoux@paul.com,Giorgia,Dijoux
2062,serena.piacentini@yahoo.de,Serena,Piacentini
3458,dimitri.posada@gmail.com,Dimitri,Posada
3174,alexa.barillaro@ramos.net,Alexa,Barillaro
5565,megan.kuhl@despacho.com,Megan,Kuhl
1906,kaitlyn.farinelli@outlook.com,Kaitlyn,Farinelli
5479,jonathan.castellitto@libero.it,Jonathan,Castellitto
4320,lisa.terragni@proyectos.com,Lisa,Terragni
4213,olivier.petrucelli@letta-raurica.eu,Olivier,Petrucelli
3373,jos.trobbiani@samson.com,Jos,Trobbiani
4184,mirjam.dawson@yahoo.com,Mirjam,Dawson
5472,javier.tessier@mclaughlin.biz,Javier,Tessier
5559,mirjana.collins@hotmail.com,Mirjana,Collins
5419,vanessa.tschentscher@mitchell.com,Vanessa,Tschentscher
4171,antonina.cobb@gibson.org,Antonina,Cobb
1302,bernard.durand@royer.com,Bernard,Durand
3520,corey.greggio@johnson.org.au,Corey,Greggio
6010,rodolfo.couturier@tim.it,Rodolfo,Couturier
4617,pierre.cardenas@luzi-bonomo.eu,Pierre,Cardenas
1417,romeo.surian@batista.com,Romeo,Surian
4770,ivo.moreno@hotmail.com,Ivo,Moreno
4328,federico.marie@jourdan.fr,Federico,Marie
5171,maggie.boito@yahoo.com,Maggie,Boito
4394,brianna.hanson@stanley.com,Brianna,Hanson
1794,heiko.bourgeois@togliatti.com,Heiko,Bourgeois
3510,benito.gritti@gmail.com,Benito,Gritti
2487,mitzy.junk@zaragoza.com,Mitzy,Junk
2215,samantha.lowe@praga.it,Samantha,Lowe
4136,ernesto.nerger@middleton.co.uk,Ernesto,Nerger
3723,melinda.canova@orange.fr,Melinda,Canova
5842,mohammad.hartung@hotmail.com,Mohammad,Hartung
3289,ben.maillot@ramos.net,Ben,Maillot
1249,isabel.pruschke@gmail.com,Isabel,Pruschke
5409,linda.franceschi@richards.net,Linda,Franceschi
2951,olivia.striebitz@gmail.com,Olivia,Striebitz
3432,penny.watson@matthews.net,Penny,Watson
2297,manfred.james@davies.org,Manfred,James
6161,hazel.pierce@outlook.com,Hazel,Pierce
4603,alf.bates@dunn.com,Alf,Bates
5818,scott.gough@industrias.com,Scott,Gough
4270,konrad.briones@fierro.com,Konrad,Briones
6007,mathilde.kruschwitz@yahoo.com,Mathilde,Kruschwitz
4084,irma.gemito@googlemail.com,Irma,Gemito
1340,antoine.guyon@yahoo.com,Antoine,Guyon
5675,william.gibilisco@gaillard.com,William,Gibilisco
2010,judith.butte@fischer-vaughn.info,Judith,Butte
6201,joanne.henderson@gmail.com,Joanne,Henderson
1791,ludovica.arellano@morandi-argento.com,Ludovica,Arellano
3314,catherine.gray@hotmail.com,Catherine,Gray
5852,franco.fioravanti@barry-gill.com.au,Franco,Fioravanti
4618,heather.zimmer@bluemel.de,Heather,Zimmer
2618,hortense.taylor@chambers.biz,Hortense,Taylor
4967,livia.ernst@colas.fr,Livia,Ernst
4594,toby.etzler@industrias.com,Toby,Etzler
2080,ennio.leoncavallo@sanchez.org,Ennio,Leoncavallo
2793,philippine.vaca@hotmail.com,Philippine,Vaca
4890,rhonda.phillips@yahoo.com,Rhonda,Phillips
3528,alphonse.nitto@voila.fr,Alphonse,Nitto
5810,karina.arreola@yahoo.com.au,Karina,Arreola
5720,denise.wood@mantegna.com,Denise,Wood
4593,burghard.rosenow@hotmail.com,Burghard,Rosenow
3186,friedl.powell@laposte.net,Friedl,Powell
5136,benjamin.schultz@rivero-davila.com,Benjamin,Schultz
2646,rachel.ulibarri@schueler.com,Rachel,Ulibarri
3460,silvano.blanchet@yahoo.com,Silvano,Blanchet
4345,kurt.sauer@almanza.biz,Kurt,Sauer
2690,nayeli.gehringer@hotmail.com,Nayeli,Gehringer
4025,imelda.guerin@stumpf.net,Imelda,Guerin
4524,zbigniew.holmes@stiffel.net,Zbigniew,Holmes
3978,adela.alfonsi@despacho.com,Adela,Alfonsi
3910,hilary.clark@libero.it,Hilary,Clark
5825,kornelius.molina@heuser.com,Kornelius,Molina
3564,christian.anderson@tim.it,Christian,Anderson
2396,francisco.dorsey@tiscali.fr,Francisco,Dorsey
2140,walli.albert@dussen.com,Walli,Albert
3079,siegrun.mota@matthews-montoya.org.au,Siegrun,Mota
2017,alberico.herve@beer.net,Alberico,Herve
5444,serafina.bonnin@mendes.com,Serafina,Bonnin
2216,marcelle.bender@edwards-robinson.info,Marcelle,Bender
1241,hartmuth.robertson@thomas.edu.au,Hartmuth,Robertson
1484,herlinde.george@free.fr,Herlinde,George
3475,pamela.payne@yahoo.com,Pamela,Payne
4333,gastone.beyer@stewart-sanchez.edu,Gastone,Beyer
5657,lydia.berengario@aol.de,Lydia,Berengario
2527,lucy.davidson@tele2.it,Lucy,Davidson
5967,franck.wade@gute.org,Franck,Wade
5698,heidi.barker@gmail.com,Heidi,Barker
3331,arnaldo.ocasio@hotmail.com,Arnaldo,Ocasio
3841,francis.bernier@rodriguez.com,Francis,Bernier
6105,johanne.strong@yahoo.de,Johanne,Strong
3895,debra.langlois@schmiedecke.com,Debra,Langlois
1891,reingard.kambs@sagese.eu,Reingard,Kambs
1281,mauro.ortiz@oquendo.net,Mauro,Ortiz
4186,griselda.carranza@krause.de,Griselda,Carranza
2511,janet.madrigal@gmail.com,Janet,Madrigal
4272,jenna.day@reed.com,Jenna,Day
3533,modesto.wright@pareto.com,Modesto,Wright
3618,alice.wall@zaccardo.it,Alice,Wall
2177,brenda.sontag@solari.com,Brenda,Sontag
4102,sergius.mace@palazzo.com,Sergius,Mace
6089,antonia.kline@gmail.com,Antonia,Kline
4701,maurice.gumprich@griffin.net.au,Maurice,Gumprich
5645,daniel.anders@yahoo.com,Daniel,Anders
4499,zaira.cattaneo@yahoo.com,Zaira,Cattaneo
3365,alessio.bruneau@hotmail.co.uk,Alessio,Bruneau
2290,gerdi.guerrero@tele2.fr,Gerdi,Guerrero
1890,brigitte.stiebitz@gmail.com,Brigitte,Stiebitz
1304,june.sinisi@manzoni-giannini.it,June,Sinisi
3799,carl.macias@yahoo.com,Carl,Macias
2749,veronica.trapp@tiscali.it,Veronica,Trapp
2028,frances.garnier@aporti-guidotti.org,Frances,Garnier
2383,terri.iannelli@hotmail.com,Terri,Iannelli
5721,odette.moore@hall.edu,Odette,Moore
1394,mercedes.trujillo@aol.de,Mercedes,Trujillo
3451,babette.dumas@brady.net,Babette,Dumas
5512,jerry.santiago@soprano-ferragni.it,Jerry,Santiago
2453,ronald.simpson@ovadia.net,Ronald,Simpson
6055,emmanuel.dominguez@gmail.com,Emmanuel,Dominguez
5704,christiane.ricciardi@zavala.com,Christiane,Ricciardi
3707,ingolf.zamora@yahoo.com.au,Ingolf,Zamora
2205,rita.sharp@beard-scott.edu.au,Rita,Sharp
5976,geraldine.cabrera@green-smith.info,Geraldine,Cabrera
3290,chantal.armas@jenkins.net,Chantal,Armas
4257,louis.gilbert@gmail.com,Louis,Gilbert
4588,michelle.collier@peruzzi.it,Michelle,Collier
4785,guillermina.nicholson@grondin.fr,Guillermina,Nicholson
3033,bertrand.hopkins@gmail.com,Bertrand,Hopkins
2779,alonso.palomo@gehringer.de,Alonso,Palomo
2131,tina.rodriguez@web.de,Tina,Rodriguez
6229,eva.francis@parker.org,Eva,Francis
3429,ottavio.rust@crespi.com,Ottavio,Rust
1613,amelia.olvera@hotmail.com,Amelia,Olvera
4734,paul.palladio@mclaughlin.net.au,Paul,Palladio
4439,bernardo.wieloch@budig.com,Bernardo,Wieloch
1441,umberto.hicks@hill.com,Umberto,Hicks
5799,janko.bishop@tim.it,Janko,Bishop
1419,jessika.meunier@gmx.de,Jessika,Meunier
3059,isaac.benard@googlemail.com,Isaac,Benard
3224,alexandrie.lambert@yahoo.com,Alexandrie,Lambert
3181,roberto.guyot@bennett.com,Roberto,Guyot
6061,giulietta.lucas@club.com,Giulietta,Lucas
4466,damaris.pininfarina@gmail.com,Damaris,Pininfarina
6081,fabrizia.renard@higgins-marks.com,Fabrizia,Renard
2159,camillo.dehmel@brown-campbell.com,Camillo,Dehmel
3324,ruggero.parpinel@gmail.com,Ruggero,Parpinel
3176,stephen.pratesi@hotmail.com,Stephen,Pratesi
5874,ludger.naccari@ingram.biz,Ludger,Naccari
5110,meryem.tapia@yahoo.com,Meryem,Tapia
5490,jasmine.juvara@yahoo.com.au,Jasmine,Juvara
1922,victoire.travaglia@zacchia.com,Victoire,Travaglia
4398,adrian.noel@perrin.com,Adrian,Noel
4754,marvin.howe@gmail.com,Marvin,Howe
3309,hanne.kidd@yahoo.com,Hanne,Kidd
1244,donatello.millet@fritsch.net,Donatello,Millet
2892,eloisa.pascarella@gmail.com,Eloisa,Pascarella
2777,erica.zambrano@gmail.com,Erica,Zambrano
4952,paula.canales@gilmore-guerrero.com,Paula,Canales
5144,claudia.bernard@mazzanti.it,Claudia,Bernard
5487,paulina.miller@lewis-barker.com,Paulina,Miller
1932,kathrin.godfrey@tele2.fr,Kathrin,Godfrey
3364,pina.passalacqua@yahoo.co.uk,Pina,Passalacqua
5165,julien.miles@stevens-rose.com,Julien,Miles
3858,suzanne.benigni@mennea-morlacchi.com,Suzanne,Benigni
4666,annalisa.pugh@hotmail.fr,Annalisa,Pugh
2896,mathew.maestas@casas-garrido.com,Mathew,Maestas
4520,laszlo.vallee@verdier.com,Laszlo,Vallee
5726,helen.polanco@hotmail.com,Helen,Polanco
5661,mateo.sorrentino@calderon.com,Mateo,Sorrentino
4765,eric.barnes@barrett-winter.com,Eric,Barnes
3710,dragica.west@yahoo.com.au,Dragica,West
4925,antje.voisin@gmail.com,Antje,Voisin
1533,stanley.mills@parker-lee.biz,Stanley,Mills
5264,brandy.meraz@yahoo.com,Brandy,Meraz
4606,conor.reinhardt@yahoo.com.au,Conor,Reinhardt
2043,gabino.blot@lewis-russell.org,Gabino,Blot
3871,alvaro.lemus@yahoo.com,Alvaro,Lemus
6205,patrizia.wilms@dbmail.com,Patrizia,Wilms
3193,metin.coulon@ashley.com,Metin,Coulon
1810,reece.valencia@laboy-palomo.com,Reece,Valencia
4797,troy.schmiedecke@picard.com,Troy,Schmiedecke
1487,wendy.bustos@libero.it,Wendy,Bustos
3474,guglielmo.caldwell@loeffler.com,Guglielmo,Caldwell
5771,travis.cowan@turner.info,Travis,Cowan
6074,brandi.abbagnale@tele2.fr,Brandi,Abbagnale
1568,hanno.gollum@smith.com,Hanno,Gollum
4263,jutta.burke@elliott.com,Jutta,Burke
5850,dorothe.paz@fiebig.de,Dorothe,Paz
5619,desiree.huerta@morris.com,Desiree,Huerta
1904,ilse.bray@venturi.it,Ilse,Bray
5388,pierpaolo.scaduto@sanders-gibson.com.au,Pierpaolo,Scaduto
2150,amedeo.bradford@yahoo.com,Amedeo,Bradford
2653,julia.ali@yahoo.com,Julia,Ali
2687,catalina.pizzetti@tim.it,Catalina,Pizzetti
3779,dylan.porzio@yahoo.de,Dylan,Porzio
1494,iris.trincavelli@tiscali.fr,Iris,Trincavelli
4129,johnathan.guidotti@cox-sanchez.net,Johnathan,Guidotti
3035,walburga.vollbrecht@aol.de,Walburga,Vollbrecht
2069,kendra.david@allan-morton.com,Kendra,David
5469,aleksandr.weiss@blanc.org,Aleksandr,Weiss
3903,cornelio.guardado@gmail.com,Cornelio,Guardado
4083,ferdi.blackburn@christensen.net,Ferdi,Blackburn
4003,bill.gallagher@green.com,Bill,Gallagher
3565,leonard.harvey@hotmail.com,Leonard,Harvey
1640,milan.montenegro@langern.com,Milan,Montenegro
4769,philip.perez@hotmail.co.uk,Philip,Perez
3398,kathryn.hentschel@shaw.com,Kathryn,Hentschel
1865,xavier.samson@baggio.it,Xavier,Samson
5690,hartwig.roberts@saraceno.net,Hartwig,Roberts
3814,kimberly.chan@gmail.com,Kimberly,Chan
2942,lorraine.crawford@gmail.com,Lorraine,Crawford
5095,maximiliano.knowles@gmail.com,Maximiliano,Knowles
2878,gabriella.avila@gmail.com,Gabriella,Avila
3697,rico.mortati@faivre.fr,Rico,Mortati
4744,gail.petrocelli@yahoo.com,Gail,Petrocelli
2104,liberto.niemeier@germano-dibiasi.it,Liberto,Niemeier
4883,luciana.petitjean@patterson-cole.biz,Luciana,Petitjean
4807,ron.cavazos@yahoo.com,Ron,Cavazos
1372,aldo.cibin@gmx.de,Aldo,Cibin
3666,alexandre.serrano@yahoo.co.uk,Alexandre,Serrano
2066,lori.fagotto@hill-anderson.com,Lori,Fagotto
1834,perla.figueroa@live.com,Perla,Figueroa
5853,reginald.hughes@gmail.com,Reginald,Hughes
2219,uriel.holt@gmail.com,Uriel,Holt
4148,stefano.lemonnier@binner.com,Stefano,Lemonnier
4477,madeleine.cooper@poste.it,Madeleine,Cooper
1786,alban.barbier@ortiz.org,Alban,Barbier
3455,alfonso.finetti@quiroz.com,Alfonso,Finetti
5707,ryan.kim@noos.fr,Ryan,Kim
5470,augustin.wohlgemut@watson.info,Augustin,Wohlgemut
3274,rolando.bibi@tin.it,Rolando,Bibi
4613,berthold.randall@mcdonald.com,Berthold,Randall
4465,genaro.briand@sfr.fr,Genaro,Briand
1652,rudolf.jenkins@hotmail.com,Rudolf,Jenkins
2100,pauline.ackermann@arredondo-roque.com,Pauline,Ackermann
4321,folker.swanson@rodrigues.fr,Folker,Swanson
4168,ashleigh.montez@perry-schneider.com,Ashleigh,Montez
3733,liliana.barber@libero.it,Liliana,Barber
2594,caridad.carr@huhn.com,Caridad,Carr
3909,lolita.borrego@gmail.com,Lolita,Borrego
5179,gunar.patrick@leroy.com,Gunar,Patrick
2228,leokadia.verdier@hotmail.com.au,Leokadia,Verdier
6222,hanna.reid@salas.org,Hanna,Reid
2354,edelgard.kreusel@hotmail.com,Edelgard,Kreusel
1725,svenja.perrin@berger.com,Svenja,Perrin
2960,pierluigi.taccola@gmx.de,Pierluigi,Taccola
2077,cilli.watts@yahoo.com,Cilli,Watts
5662,emiliano.wells@gmx.de,Emiliano,Wells
3481,april.davids@fisher.info,April,Davids
2565,dolores.didier@yahoo.com.au,Dolores,Didier
4436,sylvia.bonomo@poulain.com,Sylvia,Bonomo
5072,nelly.marsh@hotmail.it,Nelly,Marsh
5200,beth.miniati@hudson.net,Beth,Miniati
4502,renee.merino@gmail.com,Renee,Merino
4945,hailey.russell@jourdan.org,Hailey,Russell
3012,raphaela.gotthard@outlook.com,Raphaela,Gotthard
6094,pomponio.comencini@hotmail.co.uk,Pomponio,Comencini
3815,leone.richardson@yahoo.com,Leone,Richardson
4838,valentine.acosta@peters.net,Valentine,Acosta
3469,ricciotti.laureano@parsons.com,Ricciotti,Laureano
4874,jacques.heidrich@zamudio-chapa.com,Jacques,Heidrich
1792,anne.snow@gmail.com,Anne,Snow
4356,sonia.volta@gmx.de,Sonia,Volta
6196,dale.leblanc@stewart.com,Dale,Leblanc
3578,alejandro.cruz@hotmail.com,Alejandro,Cruz
4491,elsa.cugia@yahoo.com,Elsa,Cugia
3054,geronimo.pechel@hotmail.com,Geronimo,Pechel
1968,melania.klemm@seidel.com,Melania,Klemm
5869,katherine.cooley@yahoo.com,Katherine,Cooley
5858,guillermo.larsen@yahoo.com,Guillermo,Larsen
5203,jill.barrios@gmail.com,Jill,Barrios
2577,austin.musatti@tin.it,Austin,Musatti
3216,jacinto.rose@yahoo.com,Jacinto,Rose
2037,lucie.redi@googlemail.com,Lucie,Redi
3867,tania.chapman@remy.com,Tania,Chapman
5109,alexandria.best@yahoo.co.uk,Alexandria,Best
1376,edward.scott@yahoo.com,Edward,Scott
5260,jake.wiley@outlook.com,Jake,Wiley
2350,claudio.reuter@morgan-collins.org.au,Claudio,Reuter
2269,laure.traetta@kay-perkins.co.uk,Laure,Traetta
3650,magarete.valentin@yahoo.com,Magarete,Valentin
3934,paige.hill@jones.org.au,Paige,Hill
4048,fulvio.curiel@reynolds.com,Fulvio,Curiel
4266,thibaut.camarillo@hotmail.com,Thibaut,Camarillo
3863,romana.blanchard@googlemail.com,Romana,Blanchard
4922,thibault.savorgnan@butler.biz,Thibault,Savorgnan
4517,alexander.pausini@gonzalez.info,Alexander,Pausini
3259,pierangelo.scholtz@lefevre.com,Pierangelo,Scholtz
3123,emmanuelle.keller@morton-clarke.com,Emmanuelle,Keller
3870,isabella.deleon@web.de,Isabella,Deleon
2996,timothy.weitzel@gmail.com,Timothy,Weitzel
2993,alfredo.ingram@hotmail.com,Alfredo,Ingram
4556,francesca.kade@luna-rael.org,Francesca,Kade
2326,tonia.coleman@hotmail.com,Tonia,Coleman
4109,gottfried.barbe@hotmail.com,Gottfried,Barbe
5739,jeffrey.trommler@yahoo.com,Jeffrey,Trommler
5887,giacobbe.owens@huet.fr,Giacobbe,Owens
1651,conchita.pagliaro@googlemail.com,Conchita,Pagliaro
1628,kevin.delahaye@ellis-wilson.com,Kevin,Delahaye
2642,rouven.ovadia@gmail.com,Rouven,Ovadia
6020,piermaria.laporte@wesack.com,Piermaria,Laporte
4747,karolin.johann@hotmail.com,Karolin,Johann
5534,steven.folliero@noos.fr,Steven,Folliero
4790,livio.rosselli@green.co.uk,Livio,Rosselli
4632,gaetano.leonardi@despacho.com,Gaetano,Leonardi
1952,cynthia.robinson@gilles.net,Cynthia,Robinson
4388,eleni.aponte@club-internet.fr,Eleni,Aponte
5529,noelia.romo@yahoo.com,Noelia,Romo
1316,evelyn.haynes@clark.info,Evelyn,Haynes
1670,katharine.zaccagnini@hotmail.com,Katharine,Zaccagnini
4909,lea.merle@stey.de,Lea,Merle
3401,marta.huynh@hernandez.info,Marta,Huynh
4619,amador.riley@hotmail.com,Amador,Riley
4722,julie.coles@hotmail.fr,Julie,Coles
2188,beverley.telesio@regnier.fr,Beverley,Telesio
5497,corinne.mitschke@hauffer.net,Corinne,Mitschke
5711,valerie.ortega@tele2.it,Valerie,Ortega
4076,carlos.delle@hicks.com,Carlos,Delle
1847,christina.besnard@delorme.com,Christina,Besnard
2816,rosario.jacques@yahoo.com,Rosario,Jacques
5019,celal.fischer@aol.de,Celal,Fischer
4869,leonardo.guzman@andreozzi-abba.com,Leonardo,Guzman
3613,clinton.mason@yahoo.com,Clinton,Mason
3069,loretta.mallet@sansoni-toscani.it,Loretta,Mallet
2601,lorenzo.roero@hotmail.co.uk,Lorenzo,Roero
2133,lando.gutierrez@heser.com,Lando,Gutierrez
3164,elaine.patterson@rose-morris.org,Elaine,Patterson
3897,marcella.govoni@barkholz.net,Marcella,Govoni
5663,ettore.amaldi@germain.com,Ettore,Amaldi
3879,rufino.gallegos@webster-newton.co.uk,Rufino,Gallegos
5900,georges.richards@macdonald.com,Georges,Richards
2272,janice.infantino@hotmail.com,Janice,Infantino
5436,svetlana.montanariello@putz.de,Svetlana,Montanariello
3676,agnolo.cedillo@laboratorios.biz,Agnolo,Cedillo
4676,hannah.jockel@ceravolo-tonisto.eu,Hannah,Jockel
1563,yvonne.stout@sims.edu,Yvonne,Stout
4349,anouk.pace@gmail.com,Anouk,Pace
1658,esteban.valdez@hotmail.com,Esteban,Valdez
2552,angelina.davies@hotmail.com,Angelina,Davies
4847,anastasie.cadena@live.com,Anastasie,Cadena
1553,hansjoachim.lettiere@hall-mcdaniel.net,Hansjoachim,Lettiere
2632,yeni.tejada@olson.edu.au,Yeni,Tejada
1908,dulce.adinolfi@hotmail.com,Dulce,Adinolfi
5801,sean.mielcarek@gmail.com,Sean,Mielcarek
1935,omar.fonseca@grupo.org,Omar,Fonseca
2609,henry.gucci@leleu.fr,Henry,Gucci
2740,samira.bottaro@vasseur.fr,Samira,Bottaro
1907,korinna.arnold@zapata-saenz.biz,Korinna,Arnold
1831,marcela.ferrante@gmx.de,Marcela,Ferrante
5177,douglas.amaya@favata-brenna.net,Douglas,Amaya
6179,katherina.barrientos@trobbiani.eu,Katherina,Barrientos
2917,brittany.tran@tele2.it,Brittany,Tran
1486,caroline.reeves@yahoo.com,Caroline,Reeves
3735,joe.michaud@yahoo.fr,Joe,Michaud
3838,marco.vittadello@gmail.com,Marco,Vittadello
2430,kim.webb@yahoo.com.au,Kim,Webb
2480,eugenia.zichichi@yahoo.com,Eugenia,Zichichi
3431,aurore.rosemann@leoncavallo-rusticucci.com,Aurore,Rosemann
1742,giustino.luzi@rolland.fr,Giustino,Luzi
4628,anita.galindo@gmail.com,Anita,Galindo
2385,gunhild.carrillo@elliott-gilbert.org,Gunhild,Carrillo
2213,rosa.paul@bien.com,Rosa,Paul
5188,marliese.oneal@gmail.com,Marliese,Oneal
3418,bethany.hartmann@yahoo.com,Bethany,Hartmann
5637,irina.martineau@gmail.com,Irina,Martineau
3530,beatriz.moulin@pinto.com,Beatriz,Moulin
3731,lucas.austin@gmail.com,Lucas,Austin
3219,carole.nohlmans@yahoo.com,Carole,Nohlmans
2392,bozena.schmitt@vallet.com,Bozena,Schmitt
5103,aimee.foconi@outlook.com,Aimee,Foconi
3992,marzena.carrero@roskoth.de,Marzena,Carrero
2442,raisa.poulain@fastwebnet.it,Raisa,Poulain
2913,marcantonio.bennett@hopkins.com.au,Marcantonio,Bennett
1631,kenneth.hurst@meunier.net,Kenneth,Hurst
4073,marisela.mende@godoy-enriquez.com,Marisela,Mende
4568,blanka.villareal@monduzzi.net,Blanka,Villareal
1830,tomislav.stoppani@corporacin.org,Tomislav,Stoppani
2623,krystal.ammaniti@barbier.fr,Krystal,Ammaniti
4327,deanna.aporti@bouygtel.fr,Deanna,Aporti
3713,donatella.burns@yahoo.de,Donatella,Burns
2389,margrit.hooper@douglas.com,Margrit,Hooper
5141,baccio.marcacci@laposte.net,Baccio,Marcacci
3522,alfio.roman@hotmail.co.uk,Alfio,Roman
1334,soledad.soto@hotmail.de,Soledad,Soto
4721,josh.cimarosa@hotmail.com,Josh,Cimarosa
3768,nath.rico@yahoo.com,Nath,Rico
1639,gary.armani@web.de,Gary,Armani
5149,miriam.oquendo@smith-watson.biz,Miriam,Oquendo
2153,monica.mohaupt@live.com,Monica,Mohaupt
2767,alec.ho@parra-esparza.com,Alec,Ho
5124,harry.fouquet@ibarra-cooper.com,Harry,Fouquet
2097,arcelia.babati@orange.fr,Arcelia,Babati
4796,trinidad.vespa@gmail.com,Trinidad,Vespa
5849,colette.ryan@hotmail.com,Colette,Ryan
1495,richard.andre@porras.org,Richard,Andre
2462,ellinor.leclercq@gmail.com,Ellinor,Leclercq
2280,patricio.guillon@web.de,Patricio,Guillon
1877,kirsten.chindamo@carrillo-wall.com,Kirsten,Chindamo
6108,leo.petruzzi@yahoo.com,Leo,Petruzzi
4427,margot.tomaselli@junck.org,Margot,Tomaselli
2881,ansaldo.marks@patel-odonnell.com,Ansaldo,Marks
2339,regina.morin@barcaccia.net,Regina,Morin
5156,karla.medici@yahoo.com,Karla,Medici
4750,morgan.irizarry@williams-harris.biz,Morgan,Irizarry
4852,natividad.wong@hoevel.com,Natividad,Wong
5734,anna.freeman@snyder.net,Anna,Freeman
3801,emilia.vivaldi@garnier.fr,Emilia,Vivaldi
4474,gerda.cook@tin.it,Gerda,Cook
1992,andrey.faure@frederick-mitchell.info,Andrey,Faure
5796,charlotte.duke@ochoa.org,Charlotte,Duke
1373,cindy.castillo@virgilio.it,Cindy,Castillo
1879,hiltrud.thibault@barbe.com,Hiltrud,Thibault
3072,kasimir.jaime@gmail.com,Kasimir,Jaime
4561,sabine.lachmann@phillips.org,Sabine,Lachmann
5201,andrea.arroyo@yahoo.com.au,Andrea,Arroyo
5871,matthew.velasquez@gmail.com,Matthew,Velasquez
3041,severino.linares@angeli.com,Severino,Linares
5864,swantje.lomeli@gmx.de,Swantje,Lomeli
3999,marcus.espino@comolli.eu,Marcus,Espino
4849,allen.gates@gmail.com,Allen,Gates
5461,mauricio.saunders@hotmail.co.uk,Mauricio,Saunders
5946,gilbert.cornejo@hotmail.com,Gilbert,Cornejo
4508,letizia.gulotta@howard.biz,Letizia,Gulotta
5096,etta.gutknecht@leconte.net,Etta,Gutknecht
5443,shelley.perry@gierschner.de,Shelley,Perry
2165,geoffrey.williams@poste.it,Geoffrey,Williams
2125,cory.stewart@voila.fr,Cory,Stewart
6141,kristy.bartlett@outlook.com,Kristy,Bartlett
5245,gianluca.beck@green.biz,Gianluca,Beck
2190,guido.krein@gmail.com,Guido,Krein
2243,leif.monnier@querini.it,Leif,Monnier
3336,jonas.badoer@kennedy.biz,Jonas,Badoer
3305,devin.ebert@yahoo.fr,Devin,Ebert
6191,slobodan.camiscione@hotmail.com,Slobodan,Camiscione
1326,volkmar.gauthier@hotmail.com,Volkmar,Gauthier
6159,jordan.rowe@outlook.com,Jordan,Rowe
2003,manon.daugherty@segre.com,Manon,Daugherty
5881,estela.segovia@vodafone.it,Estela,Segovia
1918,giada.celentano@evans.net,Giada,Celentano
2157,clayton.salcedo@hotmail.co.uk,Clayton,Salcedo
3149,raven.pinto@hotmail.com,Raven,Pinto
2444,lewis.lewis@pisano.net,Lewis,Lewis
6207,rochus.rousseau@nguyen.com,Rochus,Rousseau
5580,belinda.gamez@leleu.com,Belinda,Gamez
5942,angelo.lozano@macias.com,Angelo,Lozano
1592,jorge.monti@clement.fr,Jorge,Monti
2344,ricky.harrell@martin.edu,Ricky,Harrell
5995,adriano.wulf@schmidtke.net,Adriano,Wulf
5022,pompeo.bourdon@gmail.com,Pompeo,Bourdon
5991,kristie.garrett@wernecke.com,Kristie,Garrett
4020,lodovico.conley@yahoo.com,Lodovico,Conley
6028,jean.berthelot@oscuro.it,Jean,Berthelot
2790,tadeusz.medina@jackson-clark.net,Tadeusz,Medina
4033,ruby.carriera@hotmail.it,Ruby,Carriera
1261,theres.antonioni@hotmail.com,Theres,Antonioni
1979,gloria.morton@outlook.com,Gloria,Morton
2122,graziano.jensen@gmail.com,Graziano,Jensen
4506,gianpaolo.massey@bouvier.com,Gianpaolo,Massey
3016,alain.farmer@hotmail.it,Alain,Farmer
3272,renato.murillo@club.com,Renato,Murillo
1375,edda.ferraris@libero.it,Edda,Ferraris
4014,luce.marty@waehner.org,Luce,Marty
3199,rotraud.mitchell@laboratorios.com,Rotraud,Mitchell
2184,israel.watkins@hotmail.com,Israel,Watkins
2170,nathan.jennings@kim.com,Nathan,Jennings
1478,gavin.proietti@gmx.de,Gavin,Proietti
6163,emma.rios@yahoo.com.au,Emma,Rios
1889,todd.douglas@web.de,Todd,Douglas
5912,oscar.holsten@yahoo.com,Oscar,Holsten
2537,ann.peron@grupo.biz,Ann,Peron
2118,senta.grassi@hotmail.com,Senta,Grassi
3234,kata.mena@gmail.com,Kata,Mena
3842,gianfranco.hethur@stewart-lee.com.au,Gianfranco,Hethur
3032,florentine.saraceno@gmail.com,Florentine,Saraceno
3238,giuliano.bolzmann@pacillo.it,Giuliano,Bolzmann
2059,alwine.kostolzin@holloway.com,Alwine,Kostolzin
5238,giacinto.briggs@yahoo.co.uk,Giacinto,Briggs
2578,holly.negrete@hotmail.com,Holly,Negrete
4789,mark.trapanese@gmail.com,Mark,Trapanese
2357,alyssa.brun@chittolini-spadafora.it,Alyssa,Brun
1235,cristina.chevalier@proyectos.com,Cristina,Chevalier
3558,shannon.lefevre@gmail.com,Shannon,Lefevre
1707,logan.hornich@tin.it,Logan,Hornich
2842,rosalia.toro@free.fr,Rosalia,Toro
5318,reiner.poerio@yahoo.com,Reiner,Poerio
1620,valentina.pages@hotmail.de,Valentina,Pages
4998,enrico.fabre@gmail.com,Enrico,Fabre
3111,sevim.begue@yahoo.com.au,Sevim,Begue
1424,sonja.patberg@hotmail.com,Sonja,Patberg
3244,christine.hiller@yahoo.com,Christine,Hiller
4643,maik.beasley@harper-brooks.biz,Maik,Beasley
6132,elliot.santana@gmx.de,Elliot,Santana
3790,eloy.renzi@gmail.com,Eloy,Renzi
1312,wolf.lutz@nichols-jackson.com.au,Wolf,Lutz
5686,giuseppe.lee@mahe.org,Giuseppe,Lee
2111,angelica.cuellar@zaguri-bellucci.net,Angelica,Cuellar
5685,bekir.normand@yahoo.de,Bekir,Normand
1905,carmine.gonzales@schleich.net,Carmine,Gonzales
3271,marianne.hubert@hotmail.com,Marianne,Hubert
4178,gonzalo.montes@hotmail.com,Gonzalo,Montes
3275,shelly.guichard@gmail.com,Shelly,Guichard
5713,tobias.carbajal@live.com,Tobias,Carbajal
3339,santiago.berry@aol.de,Santiago,Berry
5585,emilio.davenport@zamora-russo.net,Emilio,Davenport
4407,maurizio.gute@knight.info,Maurizio,Gute
1941,nadia.travaglio@colletti-broggini.com,Nadia,Travaglio
4690,elisa.barkholz@sfr.fr,Elisa,Barkholz
3607,cristal.mazzini@gmail.com,Cristal,Mazzini
2670,trevor.granados@gmail.com,Trevor,Granados
5261,matthieu.mcdonald@morrison.org,Matthieu,Mcdonald
4121,juliette.preston@gmail.com,Juliette,Preston
4620,stanislaw.montalvo@mcpherson-hughes.info,Stanislaw,Montalvo
4630,lilia.lollobrigida@le.com,Lilia,Lollobrigida
3440,brigitta.shaw@hotmail.co.uk,Brigitta,Shaw
3572,rebeca.frey@gerard.fr,Rebeca,Frey
5306,nicolas.palacios@meraz.com,Nicolas,Palacios
5122,susanna.bonneau@klingelhoefer.de,Susanna,Bonneau
1368,romina.valentine@hotmail.com,Romina,Valentine
5370,erika.toussaint@sfr.fr,Erika,Toussaint
5636,lothar.laurent@garcia.com.au,Lothar,Laurent
6033,chelsea.verdugo@campbell.com,Chelsea,Verdugo
3599,ria.venier@murillo-estevez.com,Ria,Venier
5566,carly.summers@yahoo.co.uk,Carly,Summers
1873,pasquale.tomasini@hotmail.co.uk,Pasquale,Tomasini
3904,stefani.ughi@hotmail.it,Stefani,Ughi
4453,jose.huang@gmx.de,Jose,Huang
5481,petros.gaona@googlemail.com,Petros,Gaona
2987,maximilian.siering@gaito-fornaciari.org,Maximilian,Siering
2431,ermenegildo.holzapfel@aol.de,Ermenegildo,Holzapfel
4158,damien.leger@dixon.biz,Damien,Leger
3753,zeferino.barrera@zedillo-velazquez.com,Zeferino,Barrera
4391,alfred.pohl@fechner.net,Alfred,Pohl
2026,marissa.gaito@reed-campbell.edu,Marissa,Gaito
4547,ariana.houston@hotmail.it,Ariana,Houston
2798,victor.jacobs@young.com,Victor,Jacobs
4732,henriette.lang@mimun.it,Henriette,Lang
5126,wilfriede.baca@caraballo.com,Wilfriede,Baca
5151,lucia.riviere@samaniego.biz,Lucia,Riviere
2134,gordon.vigorelli@solano.com,Gordon,Vigorelli
5786,diethard.salgado@gmail.com,Diethard,Salgado
5515,sue.corrales@cardenas-serna.org,Sue,Corrales
4530,arthur.salazar@yahoo.com.au,Arthur,Salazar
4088,fortunata.schneider@tiscali.it,Fortunata,Schneider
3667,gretchen.serna@pichon.org,Gretchen,Serna
3286,egon.caron@hotmail.com,Egon,Caron
4804,roberta.finzi@knight-davies.co.uk,Roberta,Finzi
5768,editha.savage@davies.co.uk,Editha,Savage
6098,allan.emanuelli@fernandes.org,Allan,Emanuelli
2508,laurence.lucero@martin.org,Laurence,Lucero
5779,istvan.draghi@ifrance.com,Istvan,Draghi
1717,luigi.bonnet@carriera-federico.it,Luigi,Bonnet
3368,yuridia.fantozzi@mcdonald.com,Yuridia,Fantozzi
4265,eraldo.schmiedt@hotmail.de,Eraldo,Schmiedt
4455,antoinette.cox@bustamante.com,Antoinette,Cox
2940,cameron.ocampo@hotmail.com.au,Cameron,Ocampo
6144,lynn.lawson@leclercq.com,Lynn,Lawson
3657,natalia.seifert@ifrance.com,Natalia,Seifert
1537,nuray.anguillara@yahoo.co.uk,Nuray,Anguillara
2116,beate.morgan@gmail.com,Beate,Morgan
5102,mario.rees@gmx.de,Mario,Rees
5815,galasso.junken@yahoo.co.uk,Galasso,Junken
4250,luca.moses@franke.de,Luca,Moses
4533,aurelio.gertz@hewitt.net,Aurelio,Gertz
3329,uberto.steele@outlook.com,Uberto,Steele
3606,annie.hunter@allen.co.uk,Annie,Hunter
4749,jo.mccarty@hotmail.com,Jo,Mccarty
2222,eitel.lombard@thomas.net,Eitel,Lombard
1939,susan.vigliotti@yahoo.co.uk,Susan,Vigliotti
2456,jacqueline.germano@valette.fr,Jacqueline,Germano
2794,fidel.ruppert@yahoo.co.uk,Fidel,Ruppert
2648,margaret.eigenwillig@yahoo.com,Margaret,Eigenwillig
2545,yvette.harding@yahoo.co.uk,Yvette,Harding
3273,federigo.karge@bohlander.com,Federigo,Karge
6155,guenther.armenta@free.fr,Guenther,Armenta
6064,coriolano.higgins@murphy.org.au,Coriolano,Higgins
1729,felix.rubio@ebert.de,Felix,Rubio
4969,melanie.leveque@fleury.net,Melanie,Leveque
3402,abbie.galeati@ubaldi.it,Abbie,Galeati
2810,vittorio.caccioppoli@yahoo.com,Vittorio,Caccioppoli
2217,biagio.valenzuela@robinson.info,Biagio,Valenzuela
5140,dario.green@live.com,Dario,Green
4497,alwina.textor@poste.it,Alwina,Textor
5100,diether.baeza@grupo.biz,Diether,Baeza
3390,sole.trevino@hotmail.com,Sole,Trevino
1926,darren.bernardi@brooks-martin.com,Darren,Bernardi
3264,martina.heser@morellato.it,Martina,Heser
2573,bethan.giacometti@gmail.com,Bethan,Giacometti
3628,ethan.duhamel@sfr.fr,Ethan,Duhamel
3826,corrado.warren@hotmail.com.au,Corrado,Warren
5983,damian.pulido@yahoo.de,Damian,Pulido
5678,dino.osborne@despacho.com,Dino,Osborne
2093,nicolaus.bernetti@aol.de,Nicolaus,Bernetti
5333,gianna.carroll@perez.com,Gianna,Carroll
5139,grit.knight@web.de,Grit,Knight
3173,erin.weinhold@hotmail.fr,Erin,Weinhold
3333,craig.jordan@gmail.com,Craig,Jordan
2262,homero.respighi@gmail.com,Homero,Respighi
1531,fanny.pertile@gmail.com,Fanny,Pertile
4881,fridolin.comboni@graf.com,Fridolin,Comboni
3928,hugh.cantu@libero.it,Hugh,Cantu
1803,alphons.simmons@hotmail.com,Alphons,Simmons
2321,ludovico.cafarchia@gmail.com,Ludovico,Cafarchia
6234,nico.kaiser@almonte.com,Nico,Kaiser
1422,kirsty.lamy@alonzi.it,Kirsty,Lamy
2660,joshua.scheibe@turci.org,Joshua,Scheibe
5361,carin.pineau@yahoo.com,Carin,Pineau
3420,ellie.galarza@pareto-cattaneo.net,Ellie,Galarza
4337,marion.lira@ifrance.com,Marion,Lira
2338,aurelia.angiolello@lord.com,Aurelia,Angiolello
4140,maura.ravaglioli@yahoo.com,Maura,Ravaglioli
2373,brunhilde.fletcher@schomber.de,Brunhilde,Fletcher
1344,ottfried.marques@tyler-watson.info,Ottfried,Marques
2141,christelle.blasi@morris-chan.com,Christelle,Blasi
3415,augusto.vercelloni@club-internet.fr,Augusto,Vercelloni
5696,michela.pruvost@holt.co.uk,Michela,Pruvost
1798,guarino.escalante@hotmail.com,Guarino,Escalante
1657,gabriela.padilla@pearson-russell.com,Gabriela,Padilla
3651,agathe.dias@jackson.com,Agathe,Dias
3574,werner.kallert@gmail.com,Werner,Kallert
6063,lore.delaunay@yahoo.com,Lore,Delaunay
2404,enzio.campos@tim.it,Enzio,Campos
2705,walther.duarte@web.de,Walther,Duarte
5059,adelgunde.trevisan@gmail.com,Adelgunde,Trevisan
5466,thierry.schwartz@travaglio.net,Thierry,Schwartz
5821,katie.andersen@haney.com.au,Katie,Andersen
5385,kathy.zamorani@hotmail.com,Kathy,Zamorani
3506,giuseppina.tanguy@wanadoo.fr,Giuseppina,Tanguy
5427,jack.klapp@hotmail.com.au,Jack,Klapp
6142,tom.leconte@woods-johnson.com,Tom,Leconte
2873,bonnie.cignaroli@yahoo.com,Bonnie,Cignaroli
3916,danny.farrell@hotmail.com,Danny,Farrell
1687,fiorenzo.bauer@gmail.com,Fiorenzo,Bauer
1542,randy.alfieri@verri.org,Randy,Alfieri
3087,tim.bradley@schlosser.de,Tim,Bradley
3857,yves.mendez@gmail.com,Yves,Mendez
5921,raffaella.esquivel@gmail.com,Raffaella,Esquivel
3144,lawrence.vasari@castillo.edu,Lawrence,Vasari
2676,sam.adams@yahoo.com,Sam,Adams
3646,mirco.nicolini@blin.net,Mirco,Nicolini
1321,graham.bajardi@yahoo.com,Graham,Bajardi
1399,luc.quinn@walker.com,Luc,Quinn
3169,stella.ullrich@hotmail.com.au,Stella,Ullrich
2058,calcedonio.remy@edwards-benton.com,Calcedonio,Remy
1300,nanni.almaraz@martin.com,Nanni,Almaraz
2075,pascual.corradi@lopez.net.au,Pascual,Corradi
2984,kristi.grant@yahoo.co.uk,Kristi,Grant
4768,manuel.gracia@trussardi.eu,Manuel,Gracia
3682,gionata.hussain@yahoo.com,Gionata,Hussain
5901,maria.nguyen@hernadez.com,Maria,Nguyen
3540,leon.baker@hotmail.com,Leon,Baker
2225,gianmarco.alcaraz@zacchia.net,Gianmarco,Alcaraz
1485,derrick.little@small.org,Derrick,Little
5343,terry.ramirez@hotmail.co.uk,Terry,Ramirez
5594,katarina.clarke@hotmail.com.au,Katarina,Clarke
2482,leila.washington@gmail.com,Leila,Washington
2706,mirko.townsend@schmitt.com,Mirko,Townsend
4861,randall.connolly@jovinelli-castelli.com,Randall,Connolly
2961,pia.burgess@proyectos.org,Pia,Burgess
3043,justine.mancini@tiscali.it,Justine,Mancini
6103,reynaldo.wagenknecht@faure.com,Reynaldo,Wagenknecht
4708,toni.magrassi@gmail.com,Toni,Magrassi
4395,patrizio.cisneros@martinez.edu.au,Patrizio,Cisneros
4912,durante.lindner@picard.fr,Durante,Lindner
2030,rosl.lamborghini@hiller.net,Rosl,Lamborghini
5235,ugo.harrison@morley-chapman.co.uk,Ugo,Harrison
5001,isidor.carpenter@chauvin.com,Isidor,Carpenter
4093,marie.zoppetto@kallert.de,Marie,Zoppetto
2576,branko.chambers@ifrance.com,Branko,Chambers
6122,alan.pineda@proyectos.info,Alan,Pineda
2813,carmen.oestrovsky@gmail.com,Carmen,Oestrovsky
3737,shane.fernandez@hotmail.de,Shane,Fernandez
2803,debbie.guilbert@berg.edu,Debbie,Guilbert
5508,vito.dossi@hotmail.co.uk,Vito,Dossi
3850,evan.schacht@price.com,Evan,Schacht
4220,mandy.weston@free.fr,Mandy,Weston
4532,paulo.zito@nelson.biz,Paulo,Zito
6013,alberto.girschner@laboratorios.com,Alberto,Girschner
3396,giacomo.bouvet@gmail.com,Giacomo,Bouvet
4401,ehrentraud.puga@laboratorios.com,Ehrentraud,Puga
2981,cristian.hale@hotmail.co.uk,Cristian,Hale
4467,lilija.charles@gmail.com,Lilija,Charles
1377,albert.legendre@lee.com,Albert,Legendre
5036,marisa.renaud@smith.org,Marisa,Renaud
5761,sharon.diallo@gmail.com,Sharon,Diallo
3699,eduardo.delattre@lynch.net.au,Eduardo,Delattre
4519,bernadette.wang@gmail.com,Bernadette,Wang
5395,dina.gibbons@brewer.net,Dina,Gibbons
3057,clara.armstrong@vodafone.it,Clara,Armstrong
2741,elliott.herrmann@hotmail.com.au,Elliott,Herrmann
1675,graziella.vidal@hotmail.com,Graziella,Vidal
2712,francisca.becerra@young.com.au,Francisca,Becerra
4527,edeltrud.boyer@outlook.com,Edeltrud,Boyer
1722,julian.noble@hill.org.au,Julian,Noble
4330,christophe.bohnbach@ifrance.com,Christophe,Bohnbach
5219,ippazio.angulo@yahoo.com,Ippazio,Angulo
4997,grace.kroker@hotmail.com,Grace,Kroker
2239,jared.ferguson@roberts.com,Jared,Ferguson
4587,virginie.mclean@yahoo.com,Virginie,McLean
4113,mason.potter@gmail.com,Mason,Potter
4762,aaron.anaya@hotmail.com.au,Aaron,Anaya
5242,leah.ornelas@gmail.com,Leah,Ornelas
5765,harald.roy@web.de,Harald,Roy
2185,micaela.martel@hotmail.com,Micaela,Martel
5500,vincentio.sanders@voila.fr,Vincentio,Sanders
3494,bettina.norbiato@allen-lutz.org,Bettina,Norbiato
3924,julio.renner@industrias.net,Julio,Renner
3521,jelena.stiffel@trupp.de,Jelena,Stiffel
5262,guadalupe.munoz@murray-hamilton.com.au,Guadalupe,Munoz
3684,whitney.noack@laboratorios.org,Whitney,Noack
5784,gelsomina.migliaccio@junk.com,Gelsomina,Migliaccio
1498,evangelista.pereira@thompson-peterson.biz,Evangelista,Pereira
6073,gareth.comolli@tiscali.fr,Gareth,Comolli
4939,michelangelo.hess@bouygtel.fr,Michelangelo,Hess
